,MMP,X,Y,Z,Yeo7,YeoDesc7,Yeo17,YeoDesc17
0,L_V1_ROI,-12.458845138549805,-83.27485656738281,1.222948431968689,1.0,Visual,2.0,Visual_2
1,L_MST_ROI,-41.85942459106445,-66.69183349609375,4.236584663391113,3.0,DorsalAttention,5.0,Attention_1
2,L_V6_ROI,-14.271757125854492,-78.50857543945312,26.37034034729004,1.0,Visual,2.0,Visual_2
3,L_V2_ROI,-12.188632011413574,-80.32154083251953,2.7000701427459717,1.0,Visual,2.0,Visual_2
4,L_V3_ROI,-18.281103134155273,-85.69591522216797,3.0420050621032715,1.0,Visual,1.0,Visual_1
5,L_V4_ROI,-28.46216583251953,-83.51739501953125,-2.1084232330322266,1.0,Visual,1.0,Visual_1
6,L_V8_ROI,-32.91618728637695,-72.7332534790039,-13.968172073364258,1.0,Visual,1.0,Visual_1
7,L_4_ROI,-28.62421226501465,-18.70278549194336,52.254878997802734,2.0,Somatomotor,3.0,Somatomotor_1
8,L_3b_ROI,-37.48566436767578,-24.39404296875,50.94643783569336,2.0,Somatomotor,3.0,Somatomotor_1
9,L_FEF_ROI,-39.081817626953125,-5.315647602081299,47.38441467285156,3.0,DorsalAttention,6.0,Attention_2
10,L_PEF_ROI,-46.28544616699219,-1.1093412637710571,36.871150970458984,3.0,DorsalAttention,12.0,CentralExecutive_2
11,L_55b_ROI,-46.224464416503906,-0.5670541524887085,45.49546432495117,2.0,Somatomotor,17.0,DMN_4
12,L_V3A_ROI,-15.871011734008789,-89.02558898925781,22.368223190307617,1.0,Visual,2.0,Visual_2
13,L_RSC_ROI,-7.48812198638916,-35.349212646484375,21.115991592407227,7.0,Default,11.0,CentralExecutive_1
14,L_POS2_ROI,-10.65531063079834,-69.13932037353516,35.25272750854492,6.0,Frontoparietal,11.0,CentralExecutive_1
15,L_V7_ROI,-22.86566925048828,-81.5809097290039,26.904829025268555,1.0,Visual,1.0,Visual_1
16,L_IPS1_ROI,-22.326290130615234,-71.51317596435547,32.16506576538086,3.0,DorsalAttention,5.0,Attention_1
17,L_FFC_ROI,-40.9415397644043,-56.508636474609375,-18.58843421936035,1.0,Visual,5.0,Attention_1
18,L_V3B_ROI,-27.2375431060791,-80.29450988769531,14.626145362854004,1.0,Visual,1.0,Visual_1
19,L_LO1_ROI,-37.665443420410156,-83.40371704101562,2.3184618949890137,1.0,Visual,1.0,Visual_1
20,L_LO2_ROI,-42.52864074707031,-81.1231689453125,-5.9898200035095215,1.0,Visual,1.0,Visual_1
21,L_PIT_ROI,-40.524166107177734,-79.58631896972656,-12.674479484558105,1.0,Visual,1.0,Visual_1
22,L_MT_ROI,-44.47953796386719,-72.806884765625,6.451810359954834,1.0,Visual,5.0,Attention_1
23,L_A1_ROI,-42.79494094848633,-25.41253662109375,9.034850120544434,2.0,Somatomotor,4.0,Somatomotor_2
24,L_PSL_ROI,-56.62461853027344,-46.351966857910156,20.829113006591797,4.0,VentralAttention,14.0,DMN_1
25,L_SFL_ROI,-9.253968238830566,16.891876220703125,59.80933380126953,7.0,Default,17.0,DMN_4
26,L_PCV_ROI,-8.146778106689453,-51.074127197265625,48.009483337402344,7.0,Default,11.0,CentralExecutive_1
27,L_STV_ROI,-59.489830017089844,-46.41963577270508,13.87563419342041,7.0,Default,14.0,DMN_1
28,L_7Pm_ROI,-8.071416854858398,-64.9926986694336,48.347633361816406,6.0,Frontoparietal,11.0,CentralExecutive_1
29,L_7m_ROI,-6.249691486358643,-61.43703842163086,34.17903137207031,7.0,Default,16.0,DMN_3
30,L_POS1_ROI,-11.736577987670898,-57.96616744995117,13.131040573120117,7.0,Default,15.0,DMN_2
31,L_23d_ROI,-4.4782395362854,-20.54202651977539,36.89122772216797,7.0,Default,16.0,DMN_3
32,L_v23ab_ROI,-6.196599006652832,-55.9008903503418,18.8604793548584,7.0,Default,16.0,DMN_3
33,L_d23ab_ROI,-4.668032169342041,-39.867435455322266,30.346168518066406,7.0,Default,16.0,DMN_3
34,L_31pv_ROI,-9.93381118774414,-45.7161865234375,31.081809997558594,7.0,Default,16.0,DMN_3
35,L_5m_ROI,-7.107743263244629,-38.95058822631836,61.359596252441406,2.0,Somatomotor,3.0,Somatomotor_1
36,L_5mv_ROI,-15.585016250610352,-37.13127899169922,48.78868865966797,4.0,VentralAttention,7.0,Salience_1
37,L_23c_ROI,-12.130829811096191,-28.786500930786133,40.55099868774414,4.0,VentralAttention,7.0,Salience_1
38,L_5L_ROI,-13.999144554138184,-45.42558288574219,68.04890441894531,2.0,Somatomotor,3.0,Somatomotor_1
39,L_24dd_ROI,-9.48557186126709,-17.84766960144043,49.11955642700195,2.0,Somatomotor,3.0,Somatomotor_1
40,L_24dv_ROI,-11.136577606201172,-3.158719539642334,43.89016342163086,2.0,Somatomotor,7.0,Salience_1
41,L_7AL_ROI,-18.722200393676758,-52.603553771972656,62.47719955444336,3.0,DorsalAttention,6.0,Attention_2
42,L_SCEF_ROI,-8.44790267944336,3.2872629165649414,55.59602355957031,4.0,VentralAttention,7.0,Salience_1
43,L_6ma_ROI,-16.04803466796875,3.419400453567505,64.44471740722656,4.0,VentralAttention,7.0,Salience_1
44,L_7Am_ROI,-9.979933738708496,-57.63234329223633,58.54928970336914,3.0,DorsalAttention,6.0,Attention_2
45,L_7PL_ROI,-12.657326698303223,-71.44571685791016,50.29541778564453,3.0,DorsalAttention,5.0,Attention_1
46,L_7PC_ROI,-33.618839263916016,-49.129730224609375,57.2281379699707,3.0,DorsalAttention,6.0,Attention_2
47,L_LIPv_ROI,-27.63136863708496,-56.45476150512695,51.80422592163086,3.0,DorsalAttention,5.0,Attention_1
48,L_VIP_ROI,-20.718631744384766,-62.86648178100586,58.49795150756836,3.0,DorsalAttention,5.0,Attention_1
49,L_MIP_ROI,-21.746952056884766,-63.59498977661133,42.836429595947266,3.0,DorsalAttention,5.0,Attention_1
50,L_1_ROI,-42.603824615478516,-25.66039276123047,54.561458587646484,2.0,Somatomotor,3.0,Somatomotor_1
51,L_2_ROI,-35.07748031616211,-34.38946533203125,51.22370147705078,2.0,Somatomotor,3.0,Somatomotor_1
52,L_3a_ROI,-34.42818832397461,-21.383251190185547,40.88192367553711,2.0,Somatomotor,3.0,Somatomotor_1
53,L_6d_ROI,-32.503841400146484,-14.568994522094727,62.87589645385742,2.0,Somatomotor,3.0,Somatomotor_1
54,L_6mp_ROI,-12.46939754486084,-15.339308738708496,66.26659393310547,2.0,Somatomotor,3.0,Somatomotor_1
55,L_6v_ROI,-56.8250732421875,1.6306127309799194,30.413496017456055,2.0,Somatomotor,4.0,Somatomotor_2
56,L_p24pr_ROI,-5.124982833862305,-2.5527336597442627,37.961341857910156,4.0,VentralAttention,7.0,Salience_1
57,L_33pr_ROI,-5.575830459594727,10.941595077514648,28.48322296142578,6.0,Frontoparietal,12.0,CentralExecutive_2
58,L_a24pr_ROI,-7.15101432800293,16.19327163696289,30.7125301361084,4.0,VentralAttention,7.0,Salience_1
59,L_p32pr_ROI,-11.230191230773926,14.615068435668945,37.1983528137207,4.0,VentralAttention,7.0,Salience_1
60,L_a24_ROI,-7.075322151184082,38.1977653503418,-2.663900375366211,7.0,Default,16.0,DMN_3
61,L_d32_ROI,-10.823042869567871,40.74280548095703,21.520082473754883,7.0,Default,16.0,DMN_3
62,L_8BM_ROI,-7.569713592529297,30.816200256347656,43.10273742675781,6.0,Frontoparietal,13.0,CentralExecutive_3
63,L_p32_ROI,-11.84713077545166,45.73898696899414,-2.211390495300293,7.0,Default,16.0,DMN_3
64,L_10r_ROI,-8.426913261413574,47.822269439697266,-10.335759162902832,7.0,Default,16.0,DMN_3
65,L_47m_ROI,-34.939666748046875,29.836824417114258,-13.476737022399902,7.0,Default,17.0,DMN_4
66,L_8Av_ROI,-36.944942474365234,16.87677574157715,47.19779968261719,7.0,Default,17.0,DMN_4
67,L_8Ad_ROI,-22.824804306030273,24.933393478393555,40.602840423583984,7.0,Default,16.0,DMN_3
68,L_9m_ROI,-8.471875190734863,51.793148040771484,21.35491180419922,7.0,Default,17.0,DMN_4
69,L_8BL_ROI,-11.594557762145996,35.84854507446289,48.81462478637695,7.0,Default,17.0,DMN_4
70,L_9p_ROI,-16.990806579589844,43.8248176574707,35.906585693359375,7.0,Default,17.0,DMN_4
71,L_10d_ROI,-10.757433891296387,62.035400390625,7.792101860046387,7.0,Default,16.0,DMN_3
72,L_8C_ROI,-39.42367172241211,16.482627868652344,35.349796295166016,6.0,Frontoparietal,13.0,CentralExecutive_3
73,L_44_ROI,-49.9904670715332,15.650951385498047,12.258712768554688,7.0,Default,17.0,DMN_4
74,L_45_ROI,-47.030643463134766,27.773799896240234,3.4861083030700684,7.0,Default,17.0,DMN_4
75,L_47l_ROI,-44.04367446899414,31.00741195678711,-10.731820106506348,7.0,Default,17.0,DMN_4
76,L_a47r_ROI,-38.60352325439453,44.848960876464844,-10.185622215270996,7.0,Default,13.0,CentralExecutive_3
77,L_6r_ROI,-51.27801513671875,5.037272930145264,15.250167846679688,4.0,VentralAttention,7.0,Salience_1
78,L_IFJa_ROI,-39.006046295166016,12.296940803527832,23.239608764648438,6.0,Frontoparietal,12.0,CentralExecutive_2
79,L_IFJp_ROI,-39.342140197753906,2.433098077774048,27.013525009155273,3.0,DorsalAttention,12.0,CentralExecutive_2
80,L_IFSp_ROI,-43.98149108886719,21.215065002441406,19.608726501464844,6.0,Frontoparietal,12.0,CentralExecutive_2
81,L_IFSa_ROI,-43.013893127441406,30.515901565551758,11.412761688232422,6.0,Frontoparietal,12.0,CentralExecutive_2
82,L_p9-46v_ROI,-42.37770462036133,29.012189865112305,26.50082778930664,6.0,Frontoparietal,12.0,CentralExecutive_2
83,L_46_ROI,-35.704803466796875,35.53193664550781,28.162059783935547,6.0,Frontoparietal,8.0,Salience_2
84,L_a9-46v_ROI,-36.41436004638672,47.3135986328125,7.440567493438721,6.0,Frontoparietal,13.0,CentralExecutive_3
85,L_9-46d_ROI,-27.95348358154297,42.28417205810547,20.420560836791992,6.0,Frontoparietal,8.0,Salience_2
86,L_9a_ROI,-18.857452392578125,53.284034729003906,23.07578468322754,7.0,Default,17.0,DMN_4
87,L_10v_ROI,-4.767873287200928,47.20466232299805,-20.24302864074707,5.0,Limbic,10.0,Limbic_2
88,L_a10p_ROI,-24.37325096130371,54.282474517822266,-5.672636985778809,7.0,Default,13.0,CentralExecutive_3
89,L_10pp_ROI,-11.440895080566406,57.96392822265625,-14.401429176330566,5.0,Limbic,10.0,Limbic_2
90,L_11l_ROI,-24.06669044494629,43.78819274902344,-12.478981018066406,6.0,Frontoparietal,10.0,Limbic_2
91,L_13l_ROI,-21.556432723999023,26.41547393798828,-17.734189987182617,5.0,Limbic,10.0,Limbic_2
92,L_OFC_ROI,-10.538378715515137,30.72907829284668,-21.855817794799805,5.0,Limbic,10.0,Limbic_2
93,L_47s_ROI,-30.67831039428711,20.789173126220703,-17.685924530029297,7.0,Default,17.0,DMN_4
94,L_LIPd_ROI,-28.40481948852539,-55.30528259277344,40.02187728881836,3.0,DorsalAttention,12.0,CentralExecutive_2
95,L_6a_ROI,-23.623777389526367,-3.7996137142181396,52.40561294555664,3.0,DorsalAttention,6.0,Attention_2
96,L_i6-8_ROI,-30.615158081054688,7.29391622543335,51.95283126831055,6.0,Frontoparietal,13.0,CentralExecutive_3
97,L_s6-8_ROI,-20.906646728515625,21.669795989990234,54.219940185546875,7.0,Default,16.0,DMN_3
98,L_43_ROI,-55.449039459228516,-1.0880829095840454,8.943192481994629,4.0,VentralAttention,7.0,Salience_1
99,L_OP4_ROI,-57.94471740722656,-12.327983856201172,14.984562873840332,2.0,Somatomotor,4.0,Somatomotor_2
100,L_OP1_ROI,-47.12965774536133,-22.01695442199707,19.095252990722656,2.0,Somatomotor,4.0,Somatomotor_2
101,L_OP2-3_ROI,-40.01888656616211,-16.21201515197754,18.347721099853516,2.0,Somatomotor,4.0,Somatomotor_2
102,L_52_ROI,-39.50809097290039,-23.014530181884766,-2.2613613605499268,2.0,Somatomotor,4.0,Somatomotor_2
103,L_RI_ROI,-39.256500244140625,-34.9764518737793,17.372896194458008,2.0,Somatomotor,4.0,Somatomotor_2
104,L_PFcm_ROI,-50.396053314208984,-32.52424621582031,21.038942337036133,4.0,VentralAttention,7.0,Salience_1
105,L_PoI2_ROI,-36.8012809753418,-4.49358606338501,-3.5584776401519775,4.0,VentralAttention,7.0,Salience_1
106,L_TA2_ROI,-51.927650451660156,0.5110155344009399,-10.466009140014648,2.0,Somatomotor,4.0,Somatomotor_2
107,L_FOP4_ROI,-38.241024017333984,13.317986488342285,8.275219917297363,4.0,VentralAttention,7.0,Salience_1
108,L_MI_ROI,-33.96112823486328,8.270954132080078,1.5740928649902344,4.0,VentralAttention,7.0,Salience_1
109,L_Pir_ROI,-31.499969482421875,4.295990943908691,-19.222211837768555,5.0,Limbic,7.0,Salience_1
110,L_AVI_ROI,-28.86115074157715,23.73291015625,-3.959841251373291,6.0,Frontoparietal,8.0,Salience_2
111,L_AAIC_ROI,-31.15415382385254,11.476855278015137,-11.545413970947266,4.0,VentralAttention,8.0,Salience_2
112,L_FOP1_ROI,-49.72886657714844,3.17706561088562,5.157970428466797,4.0,VentralAttention,7.0,Salience_1
113,L_FOP3_ROI,-34.70644760131836,3.4111292362213135,12.574865341186523,4.0,VentralAttention,7.0,Salience_1
114,L_FOP2_ROI,-41.923851013183594,-3.5447049140930176,14.469054222106934,2.0,Somatomotor,7.0,Salience_1
115,L_PFt_ROI,-50.42081832885742,-29.172809600830078,34.6661376953125,3.0,DorsalAttention,6.0,Attention_2
116,L_AIP_ROI,-35.92210006713867,-41.5251579284668,39.77193832397461,3.0,DorsalAttention,6.0,Attention_2
117,L_EC_ROI,-22.407377243041992,-13.696452140808105,-29.326642990112305,5.0,Limbic,9.0,Limbic_1
118,L_PreS_ROI,-19.637121200561523,-32.96651077270508,-12.36872673034668,7.0,Default,15.0,DMN_2
119,L_H_ROI,-31.191402435302734,-27.65392303466797,-17.10061264038086,0.0,Undefined,0.0,Undefined
120,L_ProS_ROI,-21.587371826171875,-55.79141616821289,2.076718330383301,1.0,Visual,2.0,Visual_2
121,L_PeEc_ROI,-30.141338348388672,-9.903678894042969,-32.5738525390625,5.0,Limbic,9.0,Limbic_1
122,L_STGa_ROI,-49.69027328491211,11.196050643920898,-19.894535064697266,7.0,Default,14.0,DMN_1
123,L_PBelt_ROI,-53.9423713684082,-24.86189079284668,3.551694393157959,2.0,Somatomotor,4.0,Somatomotor_2
124,L_A5_ROI,-60.452545166015625,-16.514423370361328,-2.842824697494507,2.0,Somatomotor,14.0,DMN_1
125,L_PHA1_ROI,-22.0542049407959,-35.54342269897461,-15.423864364624023,1.0,Visual,15.0,DMN_2
126,L_PHA3_ROI,-34.414772033691406,-38.4830436706543,-17.203638076782227,1.0,Visual,15.0,DMN_2
127,L_STSda_ROI,-52.64662170410156,-8.561781883239746,-12.264800071716309,7.0,Default,14.0,DMN_1
128,L_STSdp_ROI,-51.26211166381836,-32.85228729248047,-1.9099146127700806,7.0,Default,14.0,DMN_1
129,L_STSvp_ROI,-54.080955505371094,-35.36699676513672,-8.029266357421875,7.0,Default,17.0,DMN_4
130,L_TGd_ROI,-37.1339111328125,8.5989408493042,-33.868526458740234,5.0,Limbic,9.0,Limbic_1
131,L_TE1a_ROI,-57.68362045288086,-9.497961044311523,-24.130537033081055,7.0,Default,17.0,DMN_4
132,L_TE1p_ROI,-59.0938606262207,-44.465110778808594,-12.056777000427246,7.0,Default,13.0,CentralExecutive_3
133,L_TE2a_ROI,-52.36417007446289,-21.874404907226562,-29.972049713134766,5.0,Limbic,17.0,DMN_4
134,L_TF_ROI,-40.80282974243164,-21.48024559020996,-27.301002502441406,5.0,Limbic,9.0,Limbic_1
135,L_TE2p_ROI,-47.40814208984375,-39.909786224365234,-21.338092803955078,3.0,DorsalAttention,5.0,Attention_1
136,L_PHT_ROI,-56.649810791015625,-56.64692687988281,-1.2575886249542236,3.0,DorsalAttention,12.0,CentralExecutive_2
137,L_PH_ROI,-45.433876037597656,-61.27714920043945,-9.033102035522461,3.0,DorsalAttention,5.0,Attention_1
138,L_TPOJ1_ROI,-51.945335388183594,-45.256629943847656,6.920772552490234,7.0,Default,14.0,DMN_1
139,L_TPOJ2_ROI,-48.23332977294922,-60.62821960449219,9.377789497375488,3.0,DorsalAttention,14.0,DMN_1
140,L_TPOJ3_ROI,-42.41013717651367,-69.8902816772461,13.994585037231445,3.0,DorsalAttention,5.0,Attention_1
141,L_DVT_ROI,-18.834257125854492,-70.76654815673828,28.283132553100586,1.0,Visual,2.0,Visual_2
142,L_PGp_ROI,-39.69779586791992,-79.77900695800781,20.518505096435547,3.0,DorsalAttention,5.0,Attention_1
143,L_IP2_ROI,-40.367061614990234,-51.73881149291992,37.381614685058594,6.0,Frontoparietal,12.0,CentralExecutive_2
144,L_IP1_ROI,-31.33480453491211,-67.08023071289062,39.2606086730957,6.0,Frontoparietal,12.0,CentralExecutive_2
145,L_IP0_ROI,-32.21979904174805,-75.68357849121094,23.311965942382812,1.0,Visual,5.0,Attention_1
146,L_PFop_ROI,-59.22374725341797,-23.390193939208984,25.37972068786621,4.0,VentralAttention,7.0,Salience_1
147,L_PF_ROI,-55.743770599365234,-39.556793212890625,35.12884521484375,4.0,VentralAttention,7.0,Salience_1
148,L_PFm_ROI,-48.34642791748047,-56.44613265991211,37.59474563598633,7.0,Default,13.0,CentralExecutive_3
149,L_PGi_ROI,-43.41389846801758,-58.9127082824707,21.96074676513672,7.0,Default,17.0,DMN_4
150,L_PGs_ROI,-39.907344818115234,-71.46095275878906,34.21291732788086,7.0,Default,16.0,DMN_3
151,L_V6A_ROI,-18.95867156982422,-83.39327239990234,37.915748596191406,1.0,Visual,2.0,Visual_2
152,L_VMV1_ROI,-20.21310043334961,-53.81793212890625,-6.2493391036987305,1.0,Visual,2.0,Visual_2
153,L_VMV3_ROI,-30.234661102294922,-61.572574615478516,-10.611802101135254,1.0,Visual,1.0,Visual_1
154,L_PHA2_ROI,-31.076215744018555,-36.217987060546875,-14.02657699584961,7.0,Default,15.0,DMN_2
155,L_V4t_ROI,-42.90032958984375,-75.78546142578125,-1.701141357421875,1.0,Visual,1.0,Visual_1
156,L_FST_ROI,-47.20802688598633,-63.99913024902344,-1.7562347650527954,3.0,DorsalAttention,5.0,Attention_1
157,L_V3CD_ROI,-33.91303634643555,-85.57727813720703,10.368541717529297,1.0,Visual,1.0,Visual_1
158,L_LO3_ROI,-44.19772720336914,-78.60665893554688,8.689589500427246,1.0,Visual,5.0,Attention_1
159,L_VMV2_ROI,-28.117521286010742,-54.65874481201172,-6.23207950592041,1.0,Visual,2.0,Visual_2
160,L_31pd_ROI,-12.003769874572754,-51.659019470214844,34.43259811401367,7.0,Default,16.0,DMN_3
161,L_31a_ROI,-6.931823253631592,-37.3502311706543,41.61402893066406,7.0,Default,16.0,DMN_3
162,L_VVC_ROI,-32.1761474609375,-51.43490219116211,-18.34523582458496,1.0,Visual,1.0,Visual_1
163,L_25_ROI,-6.365339756011963,22.4202823638916,-14.034253120422363,5.0,Limbic,10.0,Limbic_2
164,L_s32_ROI,-8.068097114562988,32.88410949707031,-14.75186538696289,5.0,Limbic,10.0,Limbic_2
165,L_pOFC_ROI,-14.27305793762207,13.850602149963379,-17.387264251708984,5.0,Limbic,10.0,Limbic_2
166,L_PoI1_ROI,-37.42763900756836,-12.15208625793457,-8.388218879699707,4.0,VentralAttention,7.0,Salience_1
167,L_Ig_ROI,-34.580806732177734,-15.504298210144043,13.609957695007324,2.0,Somatomotor,4.0,Somatomotor_2
168,L_FOP5_ROI,-34.37181854248047,27.553316116333008,4.228495121002197,4.0,VentralAttention,8.0,Salience_2
169,L_p10p_ROI,-20.82444190979004,57.34577178955078,2.996027708053589,7.0,Default,16.0,DMN_3
170,L_p47r_ROI,-41.530975341796875,40.010982513427734,-0.5249826312065125,6.0,Frontoparietal,13.0,CentralExecutive_3
171,L_TGv_ROI,-37.57152557373047,-2.594599962234497,-41.22465133666992,5.0,Limbic,9.0,Limbic_1
172,L_MBelt_ROI,-45.205116271972656,-18.98868179321289,1.1694998741149902,2.0,Somatomotor,4.0,Somatomotor_2
173,L_LBelt_ROI,-45.02424621582031,-27.54349136352539,5.451705455780029,2.0,Somatomotor,4.0,Somatomotor_2
174,L_A4_ROI,-61.97938919067383,-22.386592864990234,3.8316876888275146,2.0,Somatomotor,4.0,Somatomotor_2
175,L_STSva_ROI,-51.51816940307617,-11.512639999389648,-19.40106773376465,7.0,Default,17.0,DMN_4
176,L_TE1m_ROI,-59.99756622314453,-27.334829330444336,-17.508405685424805,7.0,Default,17.0,DMN_4
177,L_PI_ROI,-44.71287155151367,-3.759228467941284,-18.347726821899414,4.0,VentralAttention,7.0,Salience_1
178,L_a32pr_ROI,-11.498162269592285,29.917675018310547,26.923599243164062,6.0,Frontoparietal,8.0,Salience_2
179,L_p24_ROI,-6.209175109863281,35.56774139404297,13.159533500671387,7.0,Default,16.0,DMN_3
180,R_V1_ROI,13.644123077392578,-79.92284393310547,2.5634593963623047,1.0,Visual,2.0,Visual_2
181,R_MST_ROI,42.81373596191406,-65.88340759277344,2.3776369094848633,1.0,Visual,5.0,Attention_1
182,R_V6_ROI,17.168018341064453,-77.3841552734375,28.679595947265625,1.0,Visual,2.0,Visual_2
183,R_V2_ROI,13.88326358795166,-80.3570556640625,3.5128560066223145,1.0,Visual,2.0,Visual_2
184,R_V3_ROI,19.410512924194336,-86.14889526367188,6.009171962738037,1.0,Visual,1.0,Visual_1
185,R_V4_ROI,29.147174835205078,-83.42092895507812,-1.3618413209915161,1.0,Visual,1.0,Visual_1
186,R_V8_ROI,31.566801071166992,-72.38480377197266,-12.297318458557129,1.0,Visual,1.0,Visual_1
187,R_4_ROI,27.842403411865234,-17.415748596191406,53.57593536376953,2.0,Somatomotor,3.0,Somatomotor_1
188,R_3b_ROI,36.19810485839844,-23.240434646606445,50.48146438598633,2.0,Somatomotor,3.0,Somatomotor_1
189,R_FEF_ROI,40.878414154052734,-2.8802120685577393,48.19679641723633,3.0,DorsalAttention,7.0,Salience_1
190,R_PEF_ROI,44.20357131958008,1.1102499961853027,35.351966857910156,3.0,DorsalAttention,12.0,CentralExecutive_2
191,R_55b_ROI,45.628150939941406,1.4710227251052856,44.394874572753906,4.0,VentralAttention,7.0,Salience_1
192,R_V3A_ROI,16.5794620513916,-86.92333984375,26.058338165283203,1.0,Visual,2.0,Visual_2
193,R_RSC_ROI,7.440681457519531,-34.881282806396484,22.252399444580078,7.0,Default,11.0,CentralExecutive_1
194,R_POS2_ROI,11.702943801879883,-68.52052307128906,36.14554977416992,6.0,Frontoparietal,11.0,CentralExecutive_1
195,R_V7_ROI,24.047855377197266,-81.13426208496094,29.87464714050293,1.0,Visual,1.0,Visual_1
196,R_IPS1_ROI,24.28726577758789,-67.8220443725586,34.603328704833984,3.0,DorsalAttention,5.0,Attention_1
197,R_FFC_ROI,39.57792282104492,-54.4480094909668,-17.821802139282227,1.0,Visual,1.0,Visual_1
198,R_V3B_ROI,28.380504608154297,-75.55570983886719,18.261816024780273,1.0,Visual,1.0,Visual_1
199,R_LO1_ROI,37.99370574951172,-81.61699676513672,2.450160503387451,1.0,Visual,1.0,Visual_1
200,R_LO2_ROI,42.991546630859375,-81.73558807373047,-5.914863586425781,1.0,Visual,1.0,Visual_1
201,R_PIT_ROI,41.24343490600586,-79.47372436523438,-13.27560806274414,1.0,Visual,1.0,Visual_1
202,R_MT_ROI,45.65472412109375,-72.52074432373047,5.399730682373047,1.0,Visual,1.0,Visual_1
203,R_A1_ROI,42.86222457885742,-24.463035583496094,9.010104179382324,2.0,Somatomotor,4.0,Somatomotor_2
204,R_PSL_ROI,60.61813735961914,-38.48481750488281,20.737060546875,4.0,VentralAttention,7.0,Salience_1
205,R_SFL_ROI,9.085042953491211,15.34901237487793,61.55561065673828,7.0,Default,17.0,DMN_4
206,R_PCV_ROI,7.856561660766602,-52.77616882324219,48.92934036254883,3.0,DorsalAttention,11.0,CentralExecutive_1
207,R_STV_ROI,55.96863555908203,-41.806190490722656,15.648341178894043,4.0,VentralAttention,14.0,DMN_1
208,R_7Pm_ROI,7.21102237701416,-66.11422729492188,48.562294006347656,6.0,Frontoparietal,11.0,CentralExecutive_1
209,R_7m_ROI,6.868125915527344,-60.59658432006836,35.07878494262695,7.0,Default,16.0,DMN_3
210,R_POS1_ROI,11.680673599243164,-56.40385055541992,15.615166664123535,7.0,Default,15.0,DMN_2
211,R_23d_ROI,4.821904182434082,-22.41567611694336,37.94583511352539,7.0,Default,16.0,DMN_3
212,R_v23ab_ROI,6.377841472625732,-52.99008560180664,19.0791015625,7.0,Default,16.0,DMN_3
213,R_d23ab_ROI,5.196383953094482,-38.922706604003906,32.01347351074219,7.0,Default,16.0,DMN_3
214,R_31pv_ROI,10.211549758911133,-44.2144660949707,32.79252243041992,7.0,Default,16.0,DMN_3
215,R_5m_ROI,6.301719665527344,-37.53634262084961,64.07495880126953,2.0,Somatomotor,3.0,Somatomotor_1
216,R_5mv_ROI,14.131072998046875,-39.1678466796875,51.622589111328125,4.0,VentralAttention,7.0,Salience_1
217,R_23c_ROI,12.319948196411133,-33.00742721557617,40.84974670410156,4.0,VentralAttention,7.0,Salience_1
218,R_5L_ROI,12.623101234436035,-43.82102966308594,69.58583068847656,2.0,Somatomotor,3.0,Somatomotor_1
219,R_24dd_ROI,8.915975570678711,-17.36826515197754,50.71137237548828,2.0,Somatomotor,3.0,Somatomotor_1
220,R_24dv_ROI,11.674341201782227,-4.848774433135986,45.11301040649414,2.0,Somatomotor,3.0,Somatomotor_1
221,R_7AL_ROI,18.971397399902344,-51.130760192871094,62.30957794189453,3.0,DorsalAttention,6.0,Attention_2
222,R_SCEF_ROI,8.289198875427246,3.6832332611083984,57.06341552734375,4.0,VentralAttention,7.0,Salience_1
223,R_6ma_ROI,17.564041137695312,4.624337673187256,62.5711555480957,4.0,VentralAttention,7.0,Salience_1
224,R_7Am_ROI,8.856369972229004,-58.33050537109375,59.37065887451172,3.0,DorsalAttention,6.0,Attention_2
225,R_7PL_ROI,13.122223854064941,-70.54830932617188,52.028228759765625,3.0,DorsalAttention,5.0,Attention_1
226,R_7PC_ROI,32.12914276123047,-48.33869552612305,58.99978256225586,3.0,DorsalAttention,6.0,Attention_2
227,R_LIPv_ROI,26.874874114990234,-55.51301193237305,51.46546173095703,3.0,DorsalAttention,5.0,Attention_1
228,R_VIP_ROI,18.358463287353516,-60.97200393676758,58.89562225341797,3.0,DorsalAttention,5.0,Attention_1
229,R_MIP_ROI,23.985183715820312,-62.96554183959961,45.189781188964844,3.0,DorsalAttention,5.0,Attention_1
230,R_1_ROI,42.490474700927734,-24.29816246032715,55.159454345703125,2.0,Somatomotor,3.0,Somatomotor_1
231,R_2_ROI,35.00859832763672,-32.43272018432617,50.45036697387695,2.0,Somatomotor,3.0,Somatomotor_1
232,R_3a_ROI,30.615886688232422,-21.64444351196289,44.751502990722656,2.0,Somatomotor,3.0,Somatomotor_1
233,R_6d_ROI,35.042816162109375,-12.647972106933594,60.88045883178711,2.0,Somatomotor,3.0,Somatomotor_1
234,R_6mp_ROI,15.512650489807129,-12.413202285766602,64.73966217041016,2.0,Somatomotor,3.0,Somatomotor_1
235,R_6v_ROI,56.324989318847656,2.989455223083496,29.872873306274414,2.0,Somatomotor,4.0,Somatomotor_2
236,R_p24pr_ROI,6.640317440032959,-1.754494309425354,39.0926513671875,4.0,VentralAttention,7.0,Salience_1
237,R_33pr_ROI,6.050947666168213,12.10867691040039,28.732606887817383,4.0,VentralAttention,8.0,Salience_2
238,R_a24pr_ROI,6.872984409332275,17.902515411376953,30.75108528137207,4.0,VentralAttention,7.0,Salience_1
239,R_p32pr_ROI,11.712455749511719,14.117021560668945,38.625038146972656,4.0,VentralAttention,7.0,Salience_1
240,R_a24_ROI,8.272387504577637,36.20957565307617,-1.3061096668243408,7.0,Default,16.0,DMN_3
241,R_d32_ROI,11.495012283325195,38.173892974853516,23.842309951782227,7.0,Default,16.0,DMN_3
242,R_8BM_ROI,7.8524603843688965,28.330583572387695,45.47518539428711,6.0,Frontoparietal,13.0,CentralExecutive_3
243,R_p32_ROI,12.033650398254395,43.929054260253906,-2.9385221004486084,7.0,Default,16.0,DMN_3
244,R_10r_ROI,8.942004203796387,46.64402770996094,-9.435789108276367,7.0,Default,16.0,DMN_3
245,R_47m_ROI,33.74054718017578,29.294151306152344,-14.645923614501953,7.0,Default,17.0,DMN_4
246,R_8Av_ROI,36.74517822265625,19.760936737060547,45.93136215209961,6.0,Frontoparietal,13.0,CentralExecutive_3
247,R_8Ad_ROI,22.423723220825195,26.63347625732422,42.33425521850586,7.0,Default,16.0,DMN_3
248,R_9m_ROI,9.80696964263916,51.53628921508789,19.056350708007812,7.0,Default,16.0,DMN_3
249,R_8BL_ROI,11.396852493286133,37.72666549682617,47.766502380371094,7.0,Default,17.0,DMN_4
250,R_9p_ROI,18.421079635620117,45.737667083740234,32.38748550415039,7.0,Default,16.0,DMN_3
251,R_10d_ROI,11.2313814163208,62.76933288574219,4.240110397338867,7.0,Default,16.0,DMN_3
252,R_8C_ROI,37.84184646606445,18.216371536254883,34.85440444946289,6.0,Frontoparietal,13.0,CentralExecutive_3
253,R_44_ROI,51.358341217041016,17.453521728515625,12.44919204711914,6.0,Frontoparietal,8.0,Salience_2
254,R_45_ROI,49.401737213134766,27.74934196472168,3.260441780090332,7.0,Default,17.0,DMN_4
255,R_47l_ROI,44.64799880981445,31.81338119506836,-11.028790473937988,7.0,Default,17.0,DMN_4
256,R_a47r_ROI,37.55747985839844,47.421142578125,-6.120967388153076,6.0,Frontoparietal,13.0,CentralExecutive_3
257,R_6r_ROI,49.414573669433594,6.5257368087768555,15.771933555603027,4.0,VentralAttention,12.0,CentralExecutive_2
258,R_IFJa_ROI,40.49264144897461,18.01649284362793,21.680269241333008,6.0,Frontoparietal,12.0,CentralExecutive_2
259,R_IFJp_ROI,36.24420928955078,7.660102367401123,25.834875106811523,3.0,DorsalAttention,12.0,CentralExecutive_2
260,R_IFSp_ROI,45.0062370300293,25.87664031982422,18.073396682739258,6.0,Frontoparietal,12.0,CentralExecutive_2
261,R_IFSa_ROI,45.20737838745117,34.18893814086914,5.3027238845825195,6.0,Frontoparietal,12.0,CentralExecutive_2
262,R_p9-46v_ROI,43.28248596191406,30.487075805664062,26.439748764038086,6.0,Frontoparietal,12.0,CentralExecutive_2
263,R_46_ROI,33.75065994262695,34.603981018066406,29.01284408569336,6.0,Frontoparietal,8.0,Salience_2
264,R_a9-46v_ROI,38.322235107421875,47.69652557373047,10.299686431884766,6.0,Frontoparietal,8.0,Salience_2
265,R_9-46d_ROI,27.3836612701416,44.01599884033203,21.332000732421875,6.0,Frontoparietal,8.0,Salience_2
266,R_9a_ROI,17.835153579711914,57.73179626464844,18.666582107543945,7.0,Default,17.0,DMN_4
267,R_10v_ROI,6.471806526184082,48.50094985961914,-16.525726318359375,5.0,Limbic,10.0,Limbic_2
268,R_a10p_ROI,24.261621475219727,56.24966812133789,-7.420313358306885,6.0,Frontoparietal,13.0,CentralExecutive_3
269,R_10pp_ROI,12.554732322692871,56.84554672241211,-14.87441635131836,5.0,Limbic,10.0,Limbic_2
270,R_11l_ROI,24.206132888793945,43.3149299621582,-13.404284477233887,6.0,Frontoparietal,10.0,Limbic_2
271,R_13l_ROI,21.143396377563477,24.645017623901367,-17.9686336517334,5.0,Limbic,10.0,Limbic_2
272,R_OFC_ROI,10.476617813110352,32.615821838378906,-22.707651138305664,5.0,Limbic,10.0,Limbic_2
273,R_47s_ROI,30.531858444213867,21.663578033447266,-16.92950439453125,7.0,Default,17.0,DMN_4
274,R_LIPd_ROI,30.210857391357422,-54.68412780761719,42.45768356323242,3.0,DorsalAttention,12.0,CentralExecutive_2
275,R_6a_ROI,26.528118133544922,-1.7744734287261963,49.924949645996094,3.0,DorsalAttention,6.0,Attention_2
276,R_i6-8_ROI,32.58006286621094,11.6703462600708,50.82794952392578,6.0,Frontoparietal,13.0,CentralExecutive_3
277,R_s6-8_ROI,19.31855010986328,18.251253128051758,55.060325622558594,6.0,Frontoparietal,13.0,CentralExecutive_3
278,R_43_ROI,55.91584396362305,-1.3949962854385376,10.930630683898926,4.0,VentralAttention,4.0,Somatomotor_2
279,R_OP4_ROI,57.38325119018555,-13.02584457397461,16.708223342895508,2.0,Somatomotor,4.0,Somatomotor_2
280,R_OP1_ROI,44.66953659057617,-21.32845687866211,19.454975128173828,2.0,Somatomotor,4.0,Somatomotor_2
281,R_OP2-3_ROI,38.43916320800781,-15.91779899597168,19.332515716552734,2.0,Somatomotor,4.0,Somatomotor_2
282,R_52_ROI,38.199886322021484,-23.80317497253418,1.8705617189407349,2.0,Somatomotor,4.0,Somatomotor_2
283,R_RI_ROI,40.97399139404297,-33.00577926635742,17.696731567382812,2.0,Somatomotor,4.0,Somatomotor_2
284,R_PFcm_ROI,47.55295181274414,-29.110918045043945,23.018522262573242,2.0,Somatomotor,7.0,Salience_1
285,R_PoI2_ROI,37.24304962158203,-5.263260364532471,-0.7769885063171387,4.0,VentralAttention,7.0,Salience_1
286,R_TA2_ROI,52.70870590209961,-1.6648396253585815,-8.398965835571289,2.0,Somatomotor,4.0,Somatomotor_2
287,R_FOP4_ROI,37.920936584472656,13.66247272491455,9.100504875183105,4.0,VentralAttention,7.0,Salience_1
288,R_MI_ROI,35.758155822753906,7.177906513214111,1.6609280109405518,4.0,VentralAttention,7.0,Salience_1
289,R_Pir_ROI,33.153953552246094,4.730762004852295,-18.963899612426758,4.0,VentralAttention,7.0,Salience_1
290,R_AVI_ROI,31.313133239746094,23.89329719543457,-3.245246410369873,6.0,Frontoparietal,8.0,Salience_2
291,R_AAIC_ROI,31.390762329101562,13.493685722351074,-11.111724853515625,4.0,VentralAttention,8.0,Salience_2
292,R_FOP1_ROI,48.7693977355957,3.0151729583740234,6.764172554016113,4.0,VentralAttention,7.0,Salience_1
293,R_FOP3_ROI,34.83784484863281,5.4763898849487305,12.19260311126709,4.0,VentralAttention,7.0,Salience_1
294,R_FOP2_ROI,41.08721160888672,-3.8539514541625977,15.860550880432129,2.0,Somatomotor,4.0,Somatomotor_2
295,R_PFt_ROI,51.649723052978516,-26.64357566833496,38.13883590698242,3.0,DorsalAttention,6.0,Attention_2
296,R_AIP_ROI,35.453216552734375,-40.91774368286133,41.14727020263672,3.0,DorsalAttention,6.0,Attention_2
297,R_EC_ROI,22.982666015625,-14.958276748657227,-27.453752517700195,5.0,Limbic,9.0,Limbic_1
298,R_PreS_ROI,20.482271194458008,-35.09429931640625,-8.620291709899902,1.0,Visual,15.0,DMN_2
299,R_H_ROI,30.64610481262207,-28.708757400512695,-15.487494468688965,5.0,Limbic,15.0,DMN_2
300,R_ProS_ROI,20.805606842041016,-49.741268157958984,0.9799689054489136,1.0,Visual,2.0,Visual_2
301,R_PeEc_ROI,30.029468536376953,-11.610284805297852,-31.540729522705078,5.0,Limbic,9.0,Limbic_1
302,R_STGa_ROI,50.70597457885742,11.380622863769531,-19.204891204833984,7.0,Default,14.0,DMN_1
303,R_PBelt_ROI,57.245521545410156,-20.430065155029297,4.7025065422058105,2.0,Somatomotor,4.0,Somatomotor_2
304,R_A5_ROI,60.34589385986328,-16.96240997314453,-2.2676782608032227,2.0,Somatomotor,14.0,DMN_1
305,R_PHA1_ROI,22.817707061767578,-34.81004333496094,-15.09208869934082,1.0,Visual,15.0,DMN_2
306,R_PHA3_ROI,35.93247985839844,-37.93941116333008,-16.87368392944336,1.0,Visual,15.0,DMN_2
307,R_STSda_ROI,51.58997344970703,-5.20382022857666,-15.3583984375,7.0,Default,14.0,DMN_1
308,R_STSdp_ROI,47.82563400268555,-29.43280792236328,-3.6302926540374756,7.0,Default,14.0,DMN_1
309,R_STSvp_ROI,58.03359603881836,-33.170387268066406,-8.476617813110352,7.0,Default,17.0,DMN_4
310,R_TGd_ROI,39.238365173339844,10.097253799438477,-33.36074447631836,5.0,Limbic,9.0,Limbic_1
311,R_TE1a_ROI,58.236446380615234,-5.452396392822266,-25.670597076416016,7.0,Default,17.0,DMN_4
312,R_TE1p_ROI,59.68645095825195,-42.61857223510742,-13.183921813964844,6.0,Frontoparietal,13.0,CentralExecutive_3
313,R_TE2a_ROI,52.903873443603516,-18.44255828857422,-30.153682708740234,5.0,Limbic,9.0,Limbic_1
314,R_TF_ROI,42.117088317871094,-21.1992130279541,-26.860868453979492,5.0,Limbic,9.0,Limbic_1
315,R_TE2p_ROI,48.28987121582031,-40.032535552978516,-19.781221389770508,3.0,DorsalAttention,5.0,Attention_1
316,R_PHT_ROI,57.55720901489258,-52.084468841552734,-4.20627498626709,3.0,DorsalAttention,12.0,CentralExecutive_2
317,R_PH_ROI,47.10298538208008,-61.34407424926758,-11.33423900604248,3.0,DorsalAttention,5.0,Attention_1
318,R_TPOJ1_ROI,51.21649169921875,-42.87836837768555,7.150767803192139,2.0,Somatomotor,14.0,DMN_1
319,R_TPOJ2_ROI,52.21600341796875,-58.27934646606445,6.0932297706604,3.0,DorsalAttention,14.0,DMN_1
320,R_TPOJ3_ROI,40.6183967590332,-64.26689147949219,13.108297348022461,3.0,DorsalAttention,5.0,Attention_1
321,R_DVT_ROI,19.995899200439453,-67.77897644042969,30.3244686126709,1.0,Visual,2.0,Visual_2
322,R_PGp_ROI,40.325035095214844,-78.03915405273438,20.73363494873047,3.0,DorsalAttention,5.0,Attention_1
323,R_IP2_ROI,42.581295013427734,-46.48621368408203,39.18576431274414,6.0,Frontoparietal,12.0,CentralExecutive_2
324,R_IP1_ROI,35.05022048950195,-64.55943298339844,41.97564697265625,6.0,Frontoparietal,12.0,CentralExecutive_2
325,R_IP0_ROI,34.03641128540039,-72.99900817871094,26.393678665161133,3.0,DorsalAttention,5.0,Attention_1
326,R_PFop_ROI,58.72450637817383,-20.976133346557617,27.517745971679688,4.0,VentralAttention,7.0,Salience_1
327,R_PF_ROI,56.41733169555664,-33.3381233215332,34.66379928588867,4.0,VentralAttention,7.0,Salience_1
328,R_PFm_ROI,51.318763732910156,-49.02881622314453,37.69853591918945,6.0,Frontoparietal,13.0,CentralExecutive_3
329,R_PGi_ROI,46.4529914855957,-57.221126556396484,22.711349487304688,7.0,Default,16.0,DMN_3
330,R_PGs_ROI,43.167198181152344,-64.96070861816406,36.6447868347168,7.0,Default,16.0,DMN_3
331,R_V6A_ROI,21.223804473876953,-80.47533416748047,41.7942008972168,1.0,Visual,2.0,Visual_2
332,R_VMV1_ROI,19.888507843017578,-53.18779373168945,-6.671980381011963,1.0,Visual,2.0,Visual_2
333,R_VMV3_ROI,30.03873634338379,-61.67243957519531,-9.241508483886719,1.0,Visual,1.0,Visual_1
334,R_PHA2_ROI,32.6497917175293,-34.754390716552734,-14.597613334655762,1.0,Visual,15.0,DMN_2
335,R_V4t_ROI,43.95515441894531,-77.50263977050781,-2.953481912612915,1.0,Visual,1.0,Visual_1
336,R_FST_ROI,46.66033935546875,-62.224979400634766,-3.647993564605713,3.0,DorsalAttention,5.0,Attention_1
337,R_V3CD_ROI,33.122398376464844,-83.16647338867188,12.723511695861816,1.0,Visual,1.0,Visual_1
338,R_LO3_ROI,44.28101348876953,-77.0561294555664,7.715630531311035,1.0,Visual,1.0,Visual_1
339,R_VMV2_ROI,29.412025451660156,-54.558876037597656,-6.039541721343994,1.0,Visual,2.0,Visual_2
340,R_31pd_ROI,12.382266998291016,-52.209861755371094,35.541629791259766,7.0,Default,16.0,DMN_3
341,R_31a_ROI,7.752252578735352,-43.25457763671875,40.993255615234375,7.0,Default,11.0,CentralExecutive_1
342,R_VVC_ROI,31.01397132873535,-48.81600570678711,-17.57944679260254,1.0,Visual,1.0,Visual_1
343,R_25_ROI,6.583378314971924,19.158777236938477,-13.977178573608398,5.0,Limbic,10.0,Limbic_2
344,R_s32_ROI,7.447351932525635,31.205902099609375,-13.577554702758789,7.0,Default,16.0,DMN_3
345,R_pOFC_ROI,14.829195976257324,14.830940246582031,-17.468555450439453,5.0,Limbic,10.0,Limbic_2
346,R_PoI1_ROI,37.87261962890625,-12.196969032287598,-6.606897830963135,4.0,VentralAttention,7.0,Salience_1
347,R_Ig_ROI,34.76472473144531,-13.94291877746582,14.154500007629395,2.0,Somatomotor,4.0,Somatomotor_2
348,R_FOP5_ROI,36.9322395324707,26.465763092041016,5.531320571899414,4.0,VentralAttention,8.0,Salience_2
349,R_p10p_ROI,24.513334274291992,54.48413848876953,3.9838669300079346,6.0,Frontoparietal,13.0,CentralExecutive_3
350,R_p47r_ROI,42.860111236572266,41.04816818237305,-2.7425649166107178,6.0,Frontoparietal,13.0,CentralExecutive_3
351,R_TGv_ROI,36.827083587646484,-2.4575445652008057,-40.84446334838867,5.0,Limbic,9.0,Limbic_1
352,R_MBelt_ROI,44.7166862487793,-20.20547866821289,3.7093915939331055,2.0,Somatomotor,4.0,Somatomotor_2
353,R_LBelt_ROI,48.54800796508789,-25.894662857055664,6.572672367095947,2.0,Somatomotor,4.0,Somatomotor_2
354,R_A4_ROI,63.20122528076172,-18.317712783813477,3.3682544231414795,2.0,Somatomotor,4.0,Somatomotor_2
355,R_STSva_ROI,53.599884033203125,-13.253372192382812,-18.921106338500977,7.0,Default,17.0,DMN_4
356,R_TE1m_ROI,60.842464447021484,-25.315439224243164,-17.286142349243164,7.0,Default,13.0,CentralExecutive_3
357,R_PI_ROI,45.358524322509766,-7.598560810089111,-14.136739730834961,4.0,VentralAttention,7.0,Salience_1
358,R_a32pr_ROI,11.674287796020508,28.104528427124023,28.402536392211914,6.0,Frontoparietal,8.0,Salience_2
359,R_p24_ROI,7.29720401763916,34.65282440185547,13.855443000793457,7.0,Default,16.0,DMN_3
